Building Id,Centroid,Post Code,State,Shape,Orientation,Window to Wall Ratio,Height,Surface Area,Material,thickness,set point,Heating System,Cooling System,AC Type,Heater type,PVs,Ceiling fans,Others
1,"{'type': 'Point', 'coordinates': [151.06623935208992, -33.90552151445467]}",2000,NSW,Rectangular,North,0.4,10,165.76,Steel,0.21,20,1,1,VRF,Gas Heating,1,0,"Oven, Dishwasher"
2,"{'type': 'Point', 'coordinates': [151.06733046149233, -33.90544395661015]}",2000,NSW,L-Shape,West,0.53,10,166.54,Wood,0.36,22,1,1,Package AC,Gas Heating,1,0,"TV, Fridge"
3,"{'type': 'Point', 'coordinates': [151.05750058068827, -33.90840007855449]}",2000,NSW,U-Shape,North,0.52,15,92.3,Concrete,0.22,22,1,1,Split AC,Gas Heating,1,1,"Microwave, Washer"
4,"{'type': 'Point', 'coordinates': [151.0597805655738, -33.90411723013894]}",2000,NSW,U-Shape,South,0.35,12,169.08,Concrete,0.24,22,0,1,Package AC,Gas Heating,1,1,"TV, Fridge"
5,"{'type': 'Point', 'coordinates': [151.05887644640018, -33.89740728525201]}",2000,NSW,L-Shape,West,0.44,15,240.5,Steel,0.32,22,1,0,Split AC,Heat Pump,1,0,"TV, Fridge"
6,"{'type': 'Point', 'coordinates': [151.05981619118822, -33.908370622313164]}",2000,NSW,L-Shape,North,0.57,15,112.53,Steel,0.4,19,0,1,Split AC,Gas Heating,0,2,"TV, Fridge"
7,"{'type': 'Point', 'coordinates': [151.0654636912338, -33.91152068902109]}",2000,NSW,U-Shape,North,0.58,18,260.07,Steel,0.34,20,0,1,VRF,Gas Heating,0,0,"Microwave, Washer"
8,"{'type': 'Point', 'coordinates': [151.06298253598135, -33.89737634530259]}",2000,NSW,Rectangular,East,0.42,12,234.38,Wood,0.39,19,1,0,Split AC,Gas Heating,1,0,"TV, Fridge"
9,"{'type': 'Point', 'coordinates': [151.06520757801908, -33.90364913905721]}",2000,NSW,Rectangular,North,0.55,12,285,Steel,0.28,21,1,0,VRF,Heat Pump,0,1,"Oven, Dishwasher"
10,"{'type': 'Point', 'coordinates': [151.06840677202192, -33.90132083279748]}",2000,NSW,L-Shape,East,0.4,15,330.31,Concrete,0.26,22,1,0,VRF,Gas Heating,1,0,"Oven, Dishwasher"
11,"{'type': 'Point', 'coordinates': [151.05003200940556, -33.900195676751906]}",2000,NSW,Rectangular,North,0.34,10,337.71,Concrete,0.3,22,0,1,VRF,Gas Heating,0,2,"Oven, Dishwasher"
12,"{'type': 'Point', 'coordinates': [151.06110482709198, -33.91306634616431]}",2000,NSW,Rectangular,East,0.52,10,189.22,Wood,0.26,20,1,0,Split AC,Heat Pump,0,0,"Microwave, Washer"
13,"{'type': 'Point', 'coordinates': [151.0602709124093, -33.90157520302928]}",2000,NSW,U-Shape,South,0.44,15,264.41,Wood,0.32,22,1,1,Split AC,Heat Pump,0,2,"Oven, Dishwasher"
14,"{'type': 'Point', 'coordinates': [151.05569556965858, -33.90642445014191]}",2000,NSW,U-Shape,East,0.31,12,281.35,Concrete,0.22,21,0,1,VRF,Heat Pump,0,2,"Microwave, Washer"
15,"{'type': 'Point', 'coordinates': [151.05833383301982, -33.91035614722688]}",2000,NSW,Rectangular,West,0.44,18,274.13,Steel,0.25,21,1,1,Split AC,Heat Pump,1,2,"TV, Fridge"
16,"{'type': 'Point', 'coordinates': [151.04946566357305, -33.905689256431906]}",2000,NSW,L-Shape,South,0.38,18,163.22,Steel,0.28,20,0,1,Package AC,Gas Heating,0,1,"Microwave, Washer"
17,"{'type': 'Point', 'coordinates': [151.0557412393275, -33.904447009136405]}",2000,NSW,L-Shape,South,0.43,10,63.03,Steel,0.32,22,0,0,Package AC,Heat Pump,1,0,"TV, Fridge"
18,"{'type': 'Point', 'coordinates': [151.0630257731148, -33.89781021680522]}",2000,NSW,L-Shape,East,0.4,12,79.23,Concrete,0.25,19,1,1,Package AC,Gas Heating,0,2,"Oven, Dishwasher"
19,"{'type': 'Point', 'coordinates': [151.05110863734197, -33.905219598217414]}",2000,NSW,Rectangular,West,0.51,15,91.94,Wood,0.24,19,1,0,VRF,Heat Pump,0,0,"TV, Fridge"
20,"{'type': 'Point', 'coordinates': [151.05243424239643, -33.89932331976793]}",2000,NSW,Rectangular,South,0.33,15,287.08,Steel,0.36,20,0,0,VRF,Gas Heating,1,1,"Microwave, Washer"
21,"{'type': 'Point', 'coordinates': [151.0527013459869, -33.89923359999812]}",2000,NSW,U-Shape,South,0.46,10,74.44,Wood,0.28,22,0,1,Split AC,Heat Pump,1,0,"Oven, Dishwasher"
22,"{'type': 'Point', 'coordinates': [151.0594617234678, -33.90820525890326]}",2000,NSW,Rectangular,West,0.41,10,111.66,Concrete,0.26,21,1,0,Split AC,Heat Pump,1,1,"Oven, Dishwasher"
23,"{'type': 'Point', 'coordinates': [151.05396924948028, -33.899005517530206]}",2000,NSW,Rectangular,North,0.44,18,128.27,Wood,0.22,19,1,0,Split AC,Heat Pump,1,1,"TV, Fridge"
24,"{'type': 'Point', 'coordinates': [151.0570482269979, -33.90864311824256]}",2000,NSW,Rectangular,West,0.49,12,117.28,Steel,0.35,22,0,0,Package AC,Heat Pump,1,1,"Oven, Dishwasher"
25,"{'type': 'Point', 'coordinates': [151.05155774577693, -33.906665696247835]}",2000,NSW,L-Shape,West,0.45,15,155.83,Steel,0.34,20,1,0,VRF,Gas Heating,1,0,"TV, Fridge"
26,"{'type': 'Point', 'coordinates': [151.0637712849524, -33.907676982287995]}",2000,NSW,U-Shape,East,0.46,12,59.02,Concrete,0.25,20,1,1,VRF,Heat Pump,0,1,"Oven, Dishwasher"
27,"{'type': 'Point', 'coordinates': [151.05615956007546, -33.907328143814055]}",2000,NSW,U-Shape,North,0.51,15,303.93,Steel,0.35,22,1,0,VRF,Gas Heating,0,2,"Oven, Dishwasher"
28,"{'type': 'Point', 'coordinates': [151.05472904742248, -33.90394080086365]}",2000,NSW,U-Shape,North,0.41,18,176.19,Steel,0.2,20,1,1,Split AC,Gas Heating,0,2,"Oven, Dishwasher"
29,"{'type': 'Point', 'coordinates': [151.06472602932817, -33.90722409603874]}",2000,NSW,Rectangular,North,0.52,10,325.68,Concrete,0.22,20,0,1,VRF,Heat Pump,1,2,"Microwave, Washer"
30,"{'type': 'Point', 'coordinates': [151.0621167997518, -33.909653599718325]}",2000,NSW,Rectangular,West,0.51,15,197.24,Steel,0.31,19,0,0,VRF,Gas Heating,0,2,"Oven, Dishwasher"
31,"{'type': 'Point', 'coordinates': [151.06425489170763, -33.90758728795499]}",2000,NSW,L-Shape,South,0.4,10,79.82,Wood,0.32,19,1,0,Split AC,Gas Heating,0,1,"Oven, Dishwasher"
32,"{'type': 'Point', 'coordinates': [151.0553072069859, -33.897398700371724]}",2000,NSW,U-Shape,South,0.49,10,80.02,Wood,0.28,19,1,1,VRF,Heat Pump,1,1,"Microwave, Washer"
33,"{'type': 'Point', 'coordinates': [151.06423699257329, -33.91165998302626]}",2000,NSW,L-Shape,East,0.44,12,276.18,Steel,0.23,19,1,1,Package AC,Heat Pump,1,1,"Oven, Dishwasher"
34,"{'type': 'Point', 'coordinates': [151.05660056463978, -33.90564586483473]}",2000,NSW,U-Shape,East,0.41,15,65.07,Concrete,0.33,19,1,1,Package AC,Heat Pump,1,0,"Oven, Dishwasher"
35,"{'type': 'Point', 'coordinates': [151.05494244433004, -33.906842817764755]}",2000,NSW,L-Shape,East,0.5,12,50.88,Wood,0.21,21,0,1,VRF,Gas Heating,0,0,"Microwave, Washer"
36,"{'type': 'Point', 'coordinates': [151.05796758725924, -33.913402087702444]}",2000,NSW,L-Shape,South,0.35,15,74.1,Steel,0.34,20,1,1,VRF,Heat Pump,1,1,"Microwave, Washer"
37,"{'type': 'Point', 'coordinates': [151.05126433253707, -33.904718192132556]}",2000,NSW,L-Shape,North,0.35,15,99.76,Wood,0.33,20,0,0,Package AC,Gas Heating,0,0,"TV, Fridge"
38,"{'type': 'Point', 'coordinates': [151.06574331408535, -33.90107849557413]}",2000,NSW,Rectangular,South,0.39,10,344.65,Wood,0.4,22,1,1,Package AC,Heat Pump,0,2,"TV, Fridge"
39,"{'type': 'Point', 'coordinates': [151.06439557210112, -33.89831281384721]}",2000,NSW,Rectangular,East,0.56,10,273.73,Concrete,0.29,19,0,0,Package AC,Gas Heating,0,1,"TV, Fridge"
40,"{'type': 'Point', 'coordinates': [151.05326141039407, -33.8973784901444]}",2000,NSW,L-Shape,South,0.37,15,166.9,Steel,0.25,20,1,0,VRF,Heat Pump,1,1,"TV, Fridge"
41,"{'type': 'Point', 'coordinates': [151.06216098671976, -33.903005025241875]}",2000,NSW,U-Shape,South,0.45,10,310.26,Concrete,0.32,20,0,1,Split AC,Heat Pump,1,1,"TV, Fridge"
42,"{'type': 'Point', 'coordinates': [151.05611053244257, -33.910566303902726]}",2000,NSW,U-Shape,West,0.58,15,248.42,Concrete,0.21,19,0,1,Package AC,Heat Pump,1,1,"Microwave, Washer"
43,"{'type': 'Point', 'coordinates': [151.05072961950657, -33.90799643664943]}",2000,NSW,Rectangular,North,0.31,18,201.97,Concrete,0.35,21,1,1,Split AC,Gas Heating,0,0,"Microwave, Washer"
44,"{'type': 'Point', 'coordinates': [151.05002589972187, -33.90330720391838]}",2000,NSW,U-Shape,South,0.48,18,196.18,Concrete,0.21,19,0,0,VRF,Heat Pump,1,1,"TV, Fridge"
45,"{'type': 'Point', 'coordinates': [151.0493932991753, -33.90461916765825]}",2000,NSW,Rectangular,East,0.51,12,63.05,Wood,0.32,20,1,0,Package AC,Gas Heating,1,2,"Microwave, Washer"
46,"{'type': 'Point', 'coordinates': [151.05707722588622, -33.90734299620861]}",2000,NSW,U-Shape,East,0.36,15,104.02,Concrete,0.23,19,1,0,VRF,Heat Pump,1,1,"TV, Fridge"
47,"{'type': 'Point', 'coordinates': [151.05286630894378, -33.89700319175472]}",2000,NSW,L-Shape,South,0.59,15,217.37,Steel,0.2,19,1,0,Package AC,Gas Heating,0,2,"Microwave, Washer"
48,"{'type': 'Point', 'coordinates': [151.05643818147013, -33.90048721452896]}",2000,NSW,Rectangular,North,0.37,10,304.39,Concrete,0.35,19,1,1,Package AC,Heat Pump,1,2,"Oven, Dishwasher"
49,"{'type': 'Point', 'coordinates': [151.05282527805284, -33.90292718764109]}",2000,NSW,U-Shape,West,0.45,10,132.77,Concrete,0.23,21,0,0,VRF,Gas Heating,1,2,"Oven, Dishwasher"
50,"{'type': 'Point', 'coordinates': [151.05415206230293, -33.90849156200886]}",2000,NSW,U-Shape,North,0.47,15,321.81,Concrete,0.39,21,1,1,VRF,Heat Pump,0,0,"TV, Fridge"
51,"{'type': 'Point', 'coordinates': [151.05855960264412, -33.897592717320485]}",2000,NSW,U-Shape,West,0.45,15,103.52,Concrete,0.39,20,0,1,Split AC,Heat Pump,1,2,"Microwave, Washer"
52,"{'type': 'Point', 'coordinates': [151.05070337621538, -33.899373098297566]}",2000,NSW,Rectangular,East,0.54,15,169.6,Steel,0.32,20,0,1,Split AC,Gas Heating,0,0,"TV, Fridge"
53,"{'type': 'Point', 'coordinates': [151.06683196110413, -33.90500859764226]}",2000,NSW,L-Shape,North,0.48,15,264.77,Steel,0.35,22,1,0,Split AC,Heat Pump,1,0,"Microwave, Washer"
54,"{'type': 'Point', 'coordinates': [151.0664185163509, -33.899726185905905]}",2000,NSW,L-Shape,South,0.44,15,114,Steel,0.39,21,1,1,VRF,Heat Pump,1,2,"Oven, Dishwasher"
55,"{'type': 'Point', 'coordinates': [151.05506247789185, -33.91219134948287]}",2000,NSW,Rectangular,North,0.4,10,309.98,Wood,0.22,21,0,1,Package AC,Gas Heating,0,0,"TV, Fridge"
56,"{'type': 'Point', 'coordinates': [151.05760534413722, -33.902014315120624]}",2000,NSW,L-Shape,South,0.56,18,110.93,Steel,0.38,21,0,0,Split AC,Heat Pump,0,0,"Microwave, Washer"
57,"{'type': 'Point', 'coordinates': [151.0563124552091, -33.906275646024376]}",2000,NSW,L-Shape,East,0.43,10,165.28,Concrete,0.35,20,1,0,Package AC,Gas Heating,0,1,"Oven, Dishwasher"
58,"{'type': 'Point', 'coordinates': [151.05953335672237, -33.9128970704372]}",2000,NSW,Rectangular,East,0.32,15,153.72,Wood,0.27,20,1,0,Split AC,Gas Heating,0,0,"Microwave, Washer"
59,"{'type': 'Point', 'coordinates': [151.05084263703168, -33.89872390485384]}",2000,NSW,Rectangular,South,0.35,10,207.55,Wood,0.21,22,1,0,Split AC,Heat Pump,1,2,"Microwave, Washer"
60,"{'type': 'Point', 'coordinates': [151.06347384256364, -33.89538354378597]}",2000,NSW,U-Shape,West,0.51,15,240.92,Wood,0.38,19,0,1,Split AC,Gas Heating,0,1,"Oven, Dishwasher"
61,"{'type': 'Point', 'coordinates': [151.05046959293736, -33.90212076625363]}",2000,NSW,Rectangular,South,0.38,15,329.96,Wood,0.24,20,0,0,VRF,Heat Pump,1,0,"Microwave, Washer"
62,"{'type': 'Point', 'coordinates': [151.05917551624452, -33.91390404896803]}",2000,NSW,L-Shape,East,0.46,12,97.06,Concrete,0.21,19,1,1,Split AC,Heat Pump,1,2,"Oven, Dishwasher"
63,"{'type': 'Point', 'coordinates': [151.06097412078518, -33.90433460363066]}",2000,NSW,Rectangular,South,0.56,10,302.38,Wood,0.33,21,0,0,VRF,Gas Heating,0,0,"Oven, Dishwasher"
64,"{'type': 'Point', 'coordinates': [151.0663337412086, -33.903261575063105]}",2000,NSW,Rectangular,East,0.32,10,160.99,Steel,0.3,19,1,0,Split AC,Heat Pump,1,0,"Microwave, Washer"
65,"{'type': 'Point', 'coordinates': [151.06692553977496, -33.90228702514353]}",2000,NSW,L-Shape,North,0.35,18,167.33,Wood,0.31,21,1,0,Package AC,Heat Pump,0,0,"Microwave, Washer"
66,"{'type': 'Point', 'coordinates': [151.05103123166177, -33.90577611113998]}",2000,NSW,Rectangular,West,0.59,15,340.18,Steel,0.4,19,0,1,VRF,Gas Heating,0,1,"TV, Fridge"
67,"{'type': 'Point', 'coordinates': [151.05413066375962, -33.902119385618875]}",2000,NSW,Rectangular,East,0.58,10,221.21,Steel,0.35,20,1,1,Split AC,Gas Heating,1,2,"Oven, Dishwasher"
68,"{'type': 'Point', 'coordinates': [151.06711069001383, -33.90665398785206]}",2000,NSW,Rectangular,West,0.58,10,82.34,Wood,0.26,22,0,1,Split AC,Heat Pump,0,0,"Oven, Dishwasher"
69,"{'type': 'Point', 'coordinates': [151.0621491431524, -33.90387480457251]}",2000,NSW,L-Shape,East,0.4,10,214.89,Concrete,0.31,22,0,1,Package AC,Heat Pump,1,0,"Microwave, Washer"
70,"{'type': 'Point', 'coordinates': [151.05536790508623, -33.90795114783794]}",2000,NSW,Rectangular,North,0.4,15,64.67,Steel,0.34,22,1,1,Split AC,Heat Pump,0,2,"Oven, Dishwasher"
71,"{'type': 'Point', 'coordinates': [151.0516073992766, -33.89915205539075]}",2000,NSW,Rectangular,South,0.42,12,333.37,Steel,0.33,22,1,0,Split AC,Gas Heating,0,2,"Microwave, Washer"
72,"{'type': 'Point', 'coordinates': [151.05314357500498, -33.89636566008055]}",2000,NSW,L-Shape,North,0.57,12,111.56,Steel,0.21,21,0,0,Split AC,Gas Heating,0,1,"Oven, Dishwasher"
73,"{'type': 'Point', 'coordinates': [151.05762864767948, -33.911301509219754]}",2000,NSW,L-Shape,South,0.34,15,337.35,Wood,0.4,22,1,0,Split AC,Gas Heating,0,0,"TV, Fridge"
74,"{'type': 'Point', 'coordinates': [151.06168980353192, -33.898192754876334]}",2000,NSW,U-Shape,South,0.46,12,232.7,Steel,0.2,19,0,1,VRF,Gas Heating,0,2,"Oven, Dishwasher"
75,"{'type': 'Point', 'coordinates': [151.0598047742907, -33.91392129125632]}",2000,NSW,Rectangular,South,0.38,18,212.04,Steel,0.29,22,0,1,Split AC,Heat Pump,0,1,"TV, Fridge"
76,"{'type': 'Point', 'coordinates': [151.0622847597822, -33.90236121573306]}",2000,NSW,U-Shape,West,0.38,15,99.38,Concrete,0.35,22,1,0,Split AC,Gas Heating,0,1,"Oven, Dishwasher"
77,"{'type': 'Point', 'coordinates': [151.05842921077746, -33.91311330547363]}",2000,NSW,Rectangular,North,0.32,15,153.4,Steel,0.21,22,1,1,VRF,Gas Heating,1,0,"Microwave, Washer"
78,"{'type': 'Point', 'coordinates': [151.06672689276223, -33.899179530809874]}",2000,NSW,Rectangular,East,0.42,12,342.35,Steel,0.31,20,1,0,Package AC,Gas Heating,0,0,"TV, Fridge"
79,"{'type': 'Point', 'coordinates': [151.06089770963214, -33.91207594115088]}",2000,NSW,L-Shape,West,0.32,18,99.83,Wood,0.35,22,0,0,Package AC,Gas Heating,1,1,"Microwave, Washer"
80,"{'type': 'Point', 'coordinates': [151.0554300378089, -33.89836888675238]}",2000,NSW,L-Shape,East,0.44,15,265.26,Steel,0.38,21,0,0,Split AC,Gas Heating,1,1,"Oven, Dishwasher"
81,"{'type': 'Point', 'coordinates': [151.05287977766397, -33.89717435094443]}",2000,NSW,U-Shape,East,0.51,12,184.15,Wood,0.25,21,0,0,Package AC,Heat Pump,1,2,"TV, Fridge"
82,"{'type': 'Point', 'coordinates': [151.05631646772628, -33.89899438793341]}",2000,NSW,L-Shape,North,0.39,15,138.37,Concrete,0.21,21,1,0,Split AC,Heat Pump,1,2,"Microwave, Washer"
83,"{'type': 'Point', 'coordinates': [151.06780967939667, -33.9077931891197]}",2000,NSW,L-Shape,North,0.4,15,99.93,Concrete,0.21,19,0,1,VRF,Heat Pump,0,0,"Microwave, Washer"
84,"{'type': 'Point', 'coordinates': [151.06781286533356, -33.90575735594972]}",2000,NSW,Rectangular,North,0.32,12,314.15,Concrete,0.39,22,0,1,VRF,Heat Pump,0,0,"TV, Fridge"
85,"{'type': 'Point', 'coordinates': [151.0615765946797, -33.90243404501389]}",2000,NSW,L-Shape,North,0.58,10,336.03,Wood,0.35,20,0,0,Split AC,Heat Pump,0,0,"Oven, Dishwasher"
86,"{'type': 'Point', 'coordinates': [151.05033575907612, -33.907247969566626]}",2000,NSW,U-Shape,North,0.32,15,75.97,Concrete,0.38,21,0,1,Split AC,Gas Heating,0,0,"TV, Fridge"
87,"{'type': 'Point', 'coordinates': [151.06495942217242, -33.909307556373456]}",2000,NSW,Rectangular,East,0.53,10,125.84,Concrete,0.38,20,1,1,Package AC,Gas Heating,1,1,"Oven, Dishwasher"
88,"{'type': 'Point', 'coordinates': [151.06274795377615, -33.90506836445795]}",2000,NSW,Rectangular,West,0.5,15,123.63,Steel,0.24,19,0,1,Package AC,Heat Pump,1,2,"Oven, Dishwasher"
89,"{'type': 'Point', 'coordinates': [151.0600241700341, -33.898325443414684]}",2000,NSW,L-Shape,East,0.35,15,301.93,Wood,0.25,21,1,0,Package AC,Heat Pump,1,2,"Microwave, Washer"
90,"{'type': 'Point', 'coordinates': [151.05876116907214, -33.898417575525286]}",2000,NSW,U-Shape,North,0.33,18,210.89,Wood,0.29,21,0,1,Package AC,Heat Pump,1,1,"Oven, Dishwasher"
91,"{'type': 'Point', 'coordinates': [151.06350677541207, -33.899849940998166]}",2000,NSW,U-Shape,North,0.38,10,98.37,Concrete,0.4,21,1,0,Package AC,Heat Pump,1,1,"TV, Fridge"
92,"{'type': 'Point', 'coordinates': [151.06620540991662, -33.90263609584247]}",2000,NSW,U-Shape,North,0.37,15,256.68,Steel,0.22,19,1,1,VRF,Heat Pump,0,0,"Oven, Dishwasher"
93,"{'type': 'Point', 'coordinates': [151.06528901701998, -33.906227281802614]}",2000,NSW,L-Shape,South,0.43,10,200.2,Wood,0.25,20,1,1,Split AC,Gas Heating,0,0,"Oven, Dishwasher"
94,"{'type': 'Point', 'coordinates': [151.05343977381708, -33.90950137434237]}",2000,NSW,Rectangular,South,0.4,10,239.39,Concrete,0.34,19,0,1,Package AC,Gas Heating,0,2,"TV, Fridge"
95,"{'type': 'Point', 'coordinates': [151.06683046151207, -33.90748364432868]}",2000,NSW,L-Shape,West,0.35,12,226.35,Concrete,0.33,20,0,1,Package AC,Gas Heating,0,0,"TV, Fridge"
96,"{'type': 'Point', 'coordinates': [151.061625177714, -33.909166563941355]}",2000,NSW,Rectangular,East,0.5,15,342.9,Steel,0.38,21,0,1,VRF,Gas Heating,0,1,"TV, Fridge"
97,"{'type': 'Point', 'coordinates': [151.06259645081116, -33.90636357038826]}",2000,NSW,U-Shape,North,0.32,15,215.9,Steel,0.28,21,0,1,Split AC,Gas Heating,0,1,"Microwave, Washer"
98,"{'type': 'Point', 'coordinates': [151.05180824874063, -33.89930703599368]}",2000,NSW,Rectangular,North,0.37,12,201.46,Wood,0.39,19,0,1,Package AC,Heat Pump,1,2,"Oven, Dishwasher"
99,"{'type': 'Point', 'coordinates': [151.05428696341534, -33.895851336963226]}",2000,NSW,Rectangular,West,0.53,10,341.53,Concrete,0.3,20,0,1,Package AC,Gas Heating,1,2,"TV, Fridge"
100,"{'type': 'Point', 'coordinates': [151.0616030354635, -33.90712025935073]}",2000,NSW,U-Shape,North,0.56,15,224.31,Steel,0.26,19,0,1,Split AC,Heat Pump,1,0,"TV, Fridge"
101,"{'type': 'Point', 'coordinates': [151.05927634551585, -33.901726869773974]}",2000,NSW,L-Shape,West,0.54,12,131.4,Steel,0.32,20,1,0,VRF,Gas Heating,1,1,"Microwave, Washer"
102,"{'type': 'Point', 'coordinates': [151.0626763618246, -33.90851739466475]}",2000,NSW,U-Shape,East,0.52,12,274.85,Wood,0.27,21,0,0,Split AC,Gas Heating,0,0,"Microwave, Washer"
103,"{'type': 'Point', 'coordinates': [151.054926812234, -33.900768020784945]}",2000,NSW,U-Shape,South,0.34,10,209.5,Concrete,0.24,19,0,0,Split AC,Gas Heating,0,0,"TV, Fridge"
104,"{'type': 'Point', 'coordinates': [151.06383277344764, -33.89927366685688]}",2000,NSW,Rectangular,North,0.55,12,312.05,Concrete,0.2,19,0,0,Package AC,Heat Pump,0,2,"Oven, Dishwasher"
105,"{'type': 'Point', 'coordinates': [151.0597195030303, -33.896530218284155]}",2000,NSW,L-Shape,West,0.32,12,76.04,Steel,0.21,21,0,1,VRF,Heat Pump,1,1,"Oven, Dishwasher"
106,"{'type': 'Point', 'coordinates': [151.06109133644273, -33.89716150308205]}",2000,NSW,Rectangular,West,0.4,12,344.23,Wood,0.37,22,1,0,Package AC,Heat Pump,1,0,"TV, Fridge"
107,"{'type': 'Point', 'coordinates': [151.06477922716206, -33.90594522596262]}",2000,NSW,Rectangular,East,0.48,12,318.16,Concrete,0.4,20,1,0,Split AC,Gas Heating,1,0,"Microwave, Washer"
108,"{'type': 'Point', 'coordinates': [151.06129350549278, -33.90467854563603]}",2000,NSW,U-Shape,South,0.55,15,155.42,Concrete,0.24,20,0,1,Package AC,Heat Pump,0,1,"TV, Fridge"
109,"{'type': 'Point', 'coordinates': [151.05161663139137, -33.90633786593034]}",2000,NSW,U-Shape,South,0.55,12,295.22,Steel,0.26,20,1,0,VRF,Gas Heating,1,1,"Microwave, Washer"
110,"{'type': 'Point', 'coordinates': [151.06834225282134, -33.906289284898115]}",2000,NSW,U-Shape,North,0.36,15,341.17,Steel,0.31,22,0,0,VRF,Heat Pump,0,1,"Microwave, Washer"
111,"{'type': 'Point', 'coordinates': [151.05030560298798, -33.9045967198787]}",2000,NSW,U-Shape,South,0.31,18,317.75,Wood,0.24,21,0,1,Package AC,Gas Heating,0,2,"Oven, Dishwasher"
112,"{'type': 'Point', 'coordinates': [151.06748380032502, -33.90529427912039]}",2000,NSW,L-Shape,North,0.37,15,97.62,Concrete,0.21,21,0,1,Split AC,Gas Heating,1,2,"Microwave, Washer"
113,"{'type': 'Point', 'coordinates': [151.06828698033203, -33.90676430719065]}",2000,NSW,U-Shape,South,0.46,12,233.62,Wood,0.28,20,1,1,Package AC,Gas Heating,0,0,"TV, Fridge"
114,"{'type': 'Point', 'coordinates': [151.05092986023644, -33.90307141651716]}",2000,NSW,Rectangular,South,0.58,18,184.28,Wood,0.39,21,0,1,Package AC,Gas Heating,1,1,"Microwave, Washer"
115,"{'type': 'Point', 'coordinates': [151.06182038120497, -33.898021053847025]}",2000,NSW,Rectangular,South,0.53,10,303.78,Steel,0.29,21,1,1,Package AC,Heat Pump,0,2,"Oven, Dishwasher"
116,"{'type': 'Point', 'coordinates': [151.064064498492, -33.909663396688366]}",2000,NSW,Rectangular,West,0.42,10,174.64,Steel,0.28,19,0,1,Package AC,Gas Heating,1,2,"Oven, Dishwasher"
117,"{'type': 'Point', 'coordinates': [151.058355212372, -33.900555704108044]}",2000,NSW,U-Shape,West,0.57,10,184.55,Concrete,0.34,22,1,1,Split AC,Gas Heating,1,1,"TV, Fridge"
118,"{'type': 'Point', 'coordinates': [151.05940219150455, -33.90048752245953]}",2000,NSW,U-Shape,North,0.39,15,91.08,Wood,0.22,21,1,1,Package AC,Heat Pump,0,2,"Microwave, Washer"
119,"{'type': 'Point', 'coordinates': [151.05963007924598, -33.89783875003366]}",2000,NSW,L-Shape,West,0.42,12,312.33,Concrete,0.26,20,1,1,Split AC,Gas Heating,1,0,"Microwave, Washer"
120,"{'type': 'Point', 'coordinates': [151.06782744881897, -33.90156130833525]}",2000,NSW,Rectangular,North,0.58,12,271.41,Steel,0.3,19,1,1,Package AC,Gas Heating,1,2,"TV, Fridge"
121,"{'type': 'Point', 'coordinates': [151.0528019298226, -33.899719717004]}",2000,NSW,L-Shape,West,0.32,18,293.61,Wood,0.25,22,0,0,VRF,Heat Pump,0,0,"TV, Fridge"
122,"{'type': 'Point', 'coordinates': [151.0566092249027, -33.90675107162406]}",2000,NSW,Rectangular,North,0.36,10,229.77,Steel,0.36,22,0,0,VRF,Heat Pump,0,0,"TV, Fridge"
123,"{'type': 'Point', 'coordinates': [151.0624341069461, -33.90203527845336]}",2000,NSW,U-Shape,East,0.57,18,187.96,Concrete,0.23,19,1,1,VRF,Heat Pump,1,2,"Oven, Dishwasher"
124,"{'type': 'Point', 'coordinates': [151.0622207799422, -33.9042794651358]}",2000,NSW,U-Shape,East,0.49,10,268.89,Concrete,0.33,21,1,1,VRF,Gas Heating,1,2,"Microwave, Washer"
125,"{'type': 'Point', 'coordinates': [151.0507285506468, -33.89963086274984]}",2000,NSW,L-Shape,West,0.42,10,174.13,Steel,0.29,22,0,1,Package AC,Gas Heating,1,0,"Oven, Dishwasher"
126,"{'type': 'Point', 'coordinates': [151.05785719451362, -33.90466885182029]}",2000,NSW,L-Shape,South,0.49,18,240.35,Wood,0.39,22,1,0,VRF,Heat Pump,1,0,"Microwave, Washer"
127,"{'type': 'Point', 'coordinates': [151.06374324949087, -33.90798953012133]}",2000,NSW,Rectangular,East,0.37,12,76.41,Steel,0.21,22,1,0,VRF,Gas Heating,0,2,"Oven, Dishwasher"
128,"{'type': 'Point', 'coordinates': [151.0618696904639, -33.898951944958014]}",2000,NSW,Rectangular,North,0.42,12,83.52,Wood,0.21,22,1,1,VRF,Gas Heating,0,1,"Microwave, Washer"
129,"{'type': 'Point', 'coordinates': [151.0573873160897, -33.905083406022264]}",2000,NSW,U-Shape,West,0.34,10,346.11,Concrete,0.26,21,0,0,Package AC,Heat Pump,0,1,"TV, Fridge"
130,"{'type': 'Point', 'coordinates': [151.05414730341457, -33.910120618913275]}",2000,NSW,U-Shape,West,0.39,12,245.3,Wood,0.27,22,0,0,Package AC,Gas Heating,0,2,"Microwave, Washer"
131,"{'type': 'Point', 'coordinates': [151.0598670981923, -33.89753084883873]}",2000,NSW,U-Shape,South,0.57,15,187.42,Steel,0.35,21,1,1,VRF,Gas Heating,0,2,"TV, Fridge"
132,"{'type': 'Point', 'coordinates': [151.05950751785605, -33.90263054405841]}",2000,NSW,Rectangular,East,0.44,15,229.74,Steel,0.37,19,1,0,Split AC,Heat Pump,1,2,"Oven, Dishwasher"
133,"{'type': 'Point', 'coordinates': [151.05323290913947, -33.907358030294546]}",2000,NSW,Rectangular,East,0.59,15,312.2,Concrete,0.36,19,0,0,Package AC,Gas Heating,1,0,"Oven, Dishwasher"
134,"{'type': 'Point', 'coordinates': [151.06143910393106, -33.90773581817141]}",2000,NSW,Rectangular,East,0.48,15,252.89,Wood,0.24,20,1,0,Package AC,Gas Heating,0,0,"Oven, Dishwasher"
135,"{'type': 'Point', 'coordinates': [151.05139265607096, -33.90102111235561]}",2000,NSW,U-Shape,South,0.52,15,333.68,Steel,0.29,21,1,0,Package AC,Gas Heating,1,1,"Oven, Dishwasher"
136,"{'type': 'Point', 'coordinates': [151.06441994704983, -33.901518501084986]}",2000,NSW,L-Shape,North,0.36,12,107.54,Concrete,0.36,20,0,0,Split AC,Heat Pump,0,1,"Oven, Dishwasher"
137,"{'type': 'Point', 'coordinates': [151.05706355413756, -33.90855602536497]}",2000,NSW,Rectangular,North,0.58,12,213.23,Concrete,0.33,19,1,0,Split AC,Heat Pump,0,0,"TV, Fridge"
138,"{'type': 'Point', 'coordinates': [151.0540117857617, -33.89826815138092]}",2000,NSW,L-Shape,West,0.35,10,284.62,Wood,0.27,21,0,1,Split AC,Heat Pump,1,2,"Oven, Dishwasher"
139,"{'type': 'Point', 'coordinates': [151.05111184182007, -33.898954694182144]}",2000,NSW,Rectangular,East,0.52,10,226.92,Concrete,0.39,20,1,1,Split AC,Heat Pump,1,0,"TV, Fridge"
140,"{'type': 'Point', 'coordinates': [151.06481585421767, -33.91104084717823]}",2000,NSW,U-Shape,North,0.51,10,123.98,Wood,0.37,21,0,1,Split AC,Gas Heating,0,1,"Microwave, Washer"
141,"{'type': 'Point', 'coordinates': [151.05509917746937, -33.90205151773328]}",2000,NSW,U-Shape,North,0.32,10,158.85,Steel,0.27,20,1,1,VRF,Gas Heating,1,0,"TV, Fridge"
142,"{'type': 'Point', 'coordinates': [151.05479320025566, -33.90901181943562]}",2000,NSW,Rectangular,South,0.48,12,159.14,Steel,0.21,20,1,0,Split AC,Gas Heating,1,0,"Oven, Dishwasher"
143,"{'type': 'Point', 'coordinates': [151.05093659376013, -33.90429433934058]}",2000,NSW,Rectangular,East,0.48,10,140.85,Concrete,0.32,20,1,1,Package AC,Heat Pump,1,1,"Microwave, Washer"
144,"{'type': 'Point', 'coordinates': [151.06735772625692, -33.90731260991934]}",2000,NSW,L-Shape,North,0.55,18,245.32,Steel,0.25,21,1,0,VRF,Heat Pump,1,2,"Oven, Dishwasher"
145,"{'type': 'Point', 'coordinates': [151.06581100998756, -33.89733994265407]}",2000,NSW,Rectangular,East,0.47,18,303.78,Steel,0.22,20,1,0,Split AC,Heat Pump,0,2,"Oven, Dishwasher"
146,"{'type': 'Point', 'coordinates': [151.05649977585668, -33.909068668340915]}",2000,NSW,U-Shape,West,0.57,10,241.71,Wood,0.34,22,0,1,VRF,Gas Heating,1,1,"TV, Fridge"
147,"{'type': 'Point', 'coordinates': [151.05813593189032, -33.91083738094735]}",2000,NSW,U-Shape,East,0.53,15,160.07,Concrete,0.23,22,1,1,VRF,Gas Heating,1,1,"TV, Fridge"
148,"{'type': 'Point', 'coordinates': [151.0519873227841, -33.906829280408495]}",2000,NSW,Rectangular,East,0.31,18,255.77,Steel,0.36,21,1,0,VRF,Gas Heating,0,1,"Oven, Dishwasher"
149,"{'type': 'Point', 'coordinates': [151.06249070705167, -33.89909967591812]}",2000,NSW,L-Shape,West,0.5,15,57.71,Wood,0.26,22,1,1,Package AC,Gas Heating,0,2,"TV, Fridge"
150,"{'type': 'Point', 'coordinates': [151.05679061679567, -33.903056000120046]}",2000,NSW,L-Shape,South,0.46,12,313.57,Concrete,0.28,20,0,1,Split AC,Gas Heating,0,2,"Oven, Dishwasher"
151,"{'type': 'Point', 'coordinates': [151.0580607760017, -33.90963900126076]}",2000,NSW,L-Shape,West,0.45,18,133.23,Steel,0.31,22,0,0,VRF,Gas Heating,0,0,"Oven, Dishwasher"
152,"{'type': 'Point', 'coordinates': [151.04936596993866, -33.90258888508281]}",2000,NSW,L-Shape,North,0.55,10,346.78,Wood,0.38,20,0,0,VRF,Heat Pump,0,1,"Oven, Dishwasher"
153,"{'type': 'Point', 'coordinates': [151.06252842800626, -33.907854842859116]}",2000,NSW,L-Shape,West,0.43,15,111.01,Wood,0.32,21,1,0,VRF,Gas Heating,1,0,"Microwave, Washer"
154,"{'type': 'Point', 'coordinates': [151.05287787142743, -33.899567961853776]}",2000,NSW,U-Shape,South,0.46,12,95.95,Wood,0.33,20,0,0,Package AC,Heat Pump,0,1,"Oven, Dishwasher"
155,"{'type': 'Point', 'coordinates': [151.06552437496734, -33.897913049274024]}",2000,NSW,L-Shape,North,0.57,10,164.88,Steel,0.37,20,1,0,Package AC,Gas Heating,0,2,"Oven, Dishwasher"
156,"{'type': 'Point', 'coordinates': [151.05748004689164, -33.90095819002318]}",2000,NSW,L-Shape,East,0.4,10,333.33,Wood,0.25,20,1,0,Split AC,Gas Heating,1,2,"TV, Fridge"
157,"{'type': 'Point', 'coordinates': [151.05709347361991, -33.91091780174409]}",2000,NSW,L-Shape,West,0.56,15,338.27,Steel,0.31,21,0,1,Package AC,Heat Pump,1,0,"TV, Fridge"
158,"{'type': 'Point', 'coordinates': [151.06639339736893, -33.902728765694874]}",2000,NSW,L-Shape,North,0.3,15,63.45,Steel,0.22,19,1,0,VRF,Heat Pump,1,0,"TV, Fridge"
159,"{'type': 'Point', 'coordinates': [151.05915708730245, -33.90575487617215]}",2000,NSW,U-Shape,East,0.36,15,243.44,Steel,0.31,19,0,0,VRF,Heat Pump,1,1,"Oven, Dishwasher"
160,"{'type': 'Point', 'coordinates': [151.05625640867984, -33.908181733824826]}",2000,NSW,U-Shape,West,0.53,12,222.7,Steel,0.35,22,0,0,Package AC,Heat Pump,1,2,"Microwave, Washer"
161,"{'type': 'Point', 'coordinates': [151.05653269595777, -33.90293738399697]}",2000,NSW,U-Shape,East,0.46,15,346.3,Concrete,0.23,19,1,0,VRF,Gas Heating,0,1,"Oven, Dishwasher"
162,"{'type': 'Point', 'coordinates': [151.0495086606574, -33.90594868374787]}",2000,NSW,U-Shape,West,0.45,18,233.97,Steel,0.33,22,1,1,Package AC,Heat Pump,0,2,"Microwave, Washer"
163,"{'type': 'Point', 'coordinates': [151.0581489029283, -33.90162737030308]}",2000,NSW,Rectangular,North,0.53,12,106.1,Wood,0.24,21,0,0,VRF,Heat Pump,0,1,"Microwave, Washer"
164,"{'type': 'Point', 'coordinates': [151.06463364268396, -33.91193860356967]}",2000,NSW,U-Shape,North,0.35,18,281.96,Wood,0.22,20,1,1,Package AC,Gas Heating,0,1,"Oven, Dishwasher"
165,"{'type': 'Point', 'coordinates': [151.04948342082136, -33.90346551970966]}",2000,NSW,L-Shape,East,0.44,18,335.4,Steel,0.39,22,1,0,VRF,Gas Heating,1,0,"TV, Fridge"
166,"{'type': 'Point', 'coordinates': [151.06619674295013, -33.9086539025462]}",2000,NSW,L-Shape,North,0.39,18,297.89,Concrete,0.38,19,1,0,Package AC,Heat Pump,1,1,"Oven, Dishwasher"
167,"{'type': 'Point', 'coordinates': [151.0609683943714, -33.90751081856396]}",2000,NSW,L-Shape,East,0.55,10,107.48,Concrete,0.24,21,1,0,Split AC,Heat Pump,1,0,"Oven, Dishwasher"
168,"{'type': 'Point', 'coordinates': [151.06264181081377, -33.90931991037635]}",2000,NSW,Rectangular,South,0.36,10,56.3,Steel,0.34,21,0,0,Package AC,Gas Heating,0,0,"TV, Fridge"
169,"{'type': 'Point', 'coordinates': [151.05728740559616, -33.89670251773705]}",2000,NSW,Rectangular,West,0.3,12,265.85,Wood,0.2,22,0,0,VRF,Gas Heating,0,0,"Microwave, Washer"
170,"{'type': 'Point', 'coordinates': [151.06311485055338, -33.90913662051395]}",2000,NSW,U-Shape,North,0.49,15,254.16,Concrete,0.32,21,0,1,Split AC,Gas Heating,1,1,"Microwave, Washer"
171,"{'type': 'Point', 'coordinates': [151.06373259558856, -33.90148397793745]}",2000,NSW,U-Shape,South,0.33,15,303.96,Concrete,0.33,20,0,1,VRF,Heat Pump,1,0,"TV, Fridge"
172,"{'type': 'Point', 'coordinates': [151.05716281608008, -33.89585568302234]}",2000,NSW,L-Shape,South,0.36,15,252.59,Concrete,0.29,22,0,1,Package AC,Heat Pump,0,1,"Microwave, Washer"
173,"{'type': 'Point', 'coordinates': [151.0661235397147, -33.906066379609754]}",2000,NSW,L-Shape,West,0.45,18,228.07,Wood,0.32,20,0,0,VRF,Heat Pump,0,2,"Oven, Dishwasher"
174,"{'type': 'Point', 'coordinates': [151.05880968575067, -33.89561687597064]}",2000,NSW,Rectangular,North,0.41,18,340.29,Concrete,0.33,20,1,1,VRF,Heat Pump,1,2,"Microwave, Washer"
175,"{'type': 'Point', 'coordinates': [151.0604877225162, -33.902012642179315]}",2000,NSW,L-Shape,North,0.48,15,276.41,Wood,0.23,22,0,1,Package AC,Gas Heating,0,0,"Microwave, Washer"
176,"{'type': 'Point', 'coordinates': [151.05536610823808, -33.908936604370886]}",2000,NSW,L-Shape,South,0.53,12,82.4,Steel,0.25,19,0,1,Package AC,Heat Pump,1,1,"TV, Fridge"
177,"{'type': 'Point', 'coordinates': [151.0564089210447, -33.903172621897205]}",2000,NSW,Rectangular,North,0.59,15,141.93,Wood,0.36,20,0,0,Split AC,Heat Pump,1,1,"Oven, Dishwasher"
178,"{'type': 'Point', 'coordinates': [151.05127779365074, -33.90300906589359]}",2000,NSW,L-Shape,West,0.48,15,260.67,Concrete,0.29,21,1,0,VRF,Heat Pump,1,0,"Microwave, Washer"
179,"{'type': 'Point', 'coordinates': [151.06045642391257, -33.9041606807707]}",2000,NSW,L-Shape,South,0.4,10,136.31,Steel,0.35,22,1,1,Split AC,Heat Pump,1,2,"Oven, Dishwasher"
180,"{'type': 'Point', 'coordinates': [151.05206171818455, -33.90473277336374]}",2000,NSW,L-Shape,West,0.38,12,346.54,Wood,0.35,22,1,0,VRF,Heat Pump,0,2,"Oven, Dishwasher"
181,"{'type': 'Point', 'coordinates': [151.0524744362572, -33.91053715237323]}",2000,NSW,L-Shape,East,0.44,12,70.92,Concrete,0.36,20,0,1,Package AC,Heat Pump,0,0,"Microwave, Washer"
182,"{'type': 'Point', 'coordinates': [151.05143366862612, -33.90390647843462]}",2000,NSW,Rectangular,West,0.51,18,345.38,Concrete,0.33,20,1,0,Package AC,Heat Pump,0,1,"TV, Fridge"
183,"{'type': 'Point', 'coordinates': [151.05007678940567, -33.90414323436856]}",2000,NSW,Rectangular,West,0.52,15,259.53,Steel,0.39,22,1,1,Split AC,Gas Heating,1,1,"Microwave, Washer"
184,"{'type': 'Point', 'coordinates': [151.0637365593551, -33.90713545959041]}",2000,NSW,U-Shape,West,0.38,15,263.43,Concrete,0.28,19,1,1,Split AC,Heat Pump,0,2,"Microwave, Washer"
185,"{'type': 'Point', 'coordinates': [151.05770390876353, -33.91198722369464]}",2000,NSW,U-Shape,North,0.32,18,108.9,Steel,0.28,21,0,1,Split AC,Heat Pump,0,2,"Microwave, Washer"
186,"{'type': 'Point', 'coordinates': [151.05273019328223, -33.89759382144661]}",2000,NSW,U-Shape,West,0.57,12,160.74,Steel,0.27,22,0,0,Split AC,Heat Pump,0,0,"Oven, Dishwasher"
187,"{'type': 'Point', 'coordinates': [151.0566265320531, -33.91059954368581]}",2000,NSW,Rectangular,South,0.48,12,263.68,Wood,0.37,22,1,0,Split AC,Gas Heating,0,1,"Microwave, Washer"
188,"{'type': 'Point', 'coordinates': [151.05023650449985, -33.908253832359236]}",2000,NSW,L-Shape,East,0.34,18,159.99,Wood,0.25,20,0,1,Package AC,Gas Heating,0,1,"TV, Fridge"
189,"{'type': 'Point', 'coordinates': [151.0539275664025, -33.91014487834382]}",2000,NSW,U-Shape,East,0.43,15,256.51,Concrete,0.38,21,0,0,Package AC,Gas Heating,0,1,"TV, Fridge"
190,"{'type': 'Point', 'coordinates': [151.05252978361898, -33.89797283243597]}",2000,NSW,U-Shape,South,0.32,10,202.4,Concrete,0.26,22,1,0,Package AC,Heat Pump,1,1,"Oven, Dishwasher"
191,"{'type': 'Point', 'coordinates': [151.06286858280455, -33.907997895054585]}",2000,NSW,Rectangular,East,0.42,10,331.52,Steel,0.36,20,0,1,VRF,Heat Pump,0,2,"TV, Fridge"
192,"{'type': 'Point', 'coordinates': [151.05521037322035, -33.896722749411836]}",2000,NSW,U-Shape,West,0.43,12,196.2,Wood,0.35,20,1,0,Split AC,Heat Pump,1,0,"TV, Fridge"
193,"{'type': 'Point', 'coordinates': [151.05830904209745, -33.90122619760433]}",2000,NSW,Rectangular,South,0.38,18,117.41,Steel,0.37,19,0,0,Split AC,Gas Heating,1,2,"Oven, Dishwasher"
194,"{'type': 'Point', 'coordinates': [151.05702039138387, -33.89588895780613]}",2000,NSW,U-Shape,East,0.46,12,189.13,Wood,0.27,22,1,1,Split AC,Gas Heating,0,0,"Microwave, Washer"
195,"{'type': 'Point', 'coordinates': [151.05138487813974, -33.9041275480331]}",2000,NSW,Rectangular,North,0.34,18,282.57,Steel,0.4,20,1,1,Package AC,Heat Pump,0,2,"Oven, Dishwasher"
196,"{'type': 'Point', 'coordinates': [151.0538678316852, -33.909212607373156]}",2000,NSW,U-Shape,North,0.31,15,249.78,Wood,0.25,22,0,1,Split AC,Gas Heating,1,0,"Oven, Dishwasher"
197,"{'type': 'Point', 'coordinates': [151.06773886761985, -33.90616761011229]}",2000,NSW,Rectangular,North,0.59,12,134.14,Concrete,0.38,21,0,1,Split AC,Heat Pump,0,0,"Microwave, Washer"
198,"{'type': 'Point', 'coordinates': [151.06710731267646, -33.90589892870797]}",2000,NSW,U-Shape,South,0.49,12,132.73,Wood,0.25,21,1,0,VRF,Heat Pump,1,0,"TV, Fridge"
199,"{'type': 'Point', 'coordinates': [151.06176726293597, -33.91221465769712]}",2000,NSW,Rectangular,South,0.54,18,256.05,Wood,0.21,22,1,1,VRF,Gas Heating,0,1,"Oven, Dishwasher"
200,"{'type': 'Point', 'coordinates': [151.0644397723043, -33.90611048329853]}",2000,NSW,Rectangular,West,0.45,15,103.81,Concrete,0.37,19,0,0,Package AC,Heat Pump,1,0,"TV, Fridge"
201,"{'type': 'Point', 'coordinates': [151.0585078500656, -33.90302536096605]}",2000,NSW,L-Shape,East,0.47,15,208.06,Steel,0.31,22,0,1,Package AC,Heat Pump,1,0,"Oven, Dishwasher"
202,"{'type': 'Point', 'coordinates': [151.06792984658208, -33.89994718633181]}",2000,NSW,Rectangular,South,0.33,18,342.63,Concrete,0.28,19,1,0,Package AC,Gas Heating,1,2,"Microwave, Washer"
203,"{'type': 'Point', 'coordinates': [151.05555553047603, -33.9034528315938]}",2000,NSW,Rectangular,South,0.46,18,117.31,Concrete,0.39,19,0,0,Split AC,Heat Pump,0,0,"Microwave, Washer"
204,"{'type': 'Point', 'coordinates': [151.06460388629648, -33.8994881854299]}",2000,NSW,Rectangular,West,0.5,15,332.57,Concrete,0.21,21,0,1,Package AC,Gas Heating,1,0,"Microwave, Washer"
205,"{'type': 'Point', 'coordinates': [151.0537016955202, -33.91143906606182]}",2000,NSW,Rectangular,West,0.56,12,346.39,Concrete,0.37,19,0,0,VRF,Gas Heating,0,0,"Oven, Dishwasher"
206,"{'type': 'Point', 'coordinates': [151.0537940782191, -33.906507714842284]}",2000,NSW,L-Shape,West,0.42,18,303.33,Steel,0.22,20,1,1,Split AC,Heat Pump,0,1,"TV, Fridge"
207,"{'type': 'Point', 'coordinates': [151.05768214493483, -33.90812704856667]}",2000,NSW,L-Shape,East,0.39,10,339.88,Concrete,0.39,20,1,0,VRF,Gas Heating,0,2,"Microwave, Washer"
208,"{'type': 'Point', 'coordinates': [151.05727150235566, -33.900982480826045]}",2000,NSW,L-Shape,North,0.37,10,233.2,Steel,0.3,19,0,1,VRF,Gas Heating,1,1,"TV, Fridge"
209,"{'type': 'Point', 'coordinates': [151.0559009893796, -33.91066042780321]}",2000,NSW,U-Shape,South,0.55,12,129.7,Concrete,0.39,22,0,1,Package AC,Gas Heating,0,0,"Oven, Dishwasher"
210,"{'type': 'Point', 'coordinates': [151.0545442295408, -33.90221878473136]}",2000,NSW,U-Shape,North,0.51,12,265.61,Wood,0.23,20,0,1,Package AC,Gas Heating,1,0,"Microwave, Washer"
211,"{'type': 'Point', 'coordinates': [151.0624962601272, -33.90923666284953]}",2000,NSW,L-Shape,North,0.58,18,230.87,Wood,0.39,20,0,1,Split AC,Gas Heating,1,2,"Microwave, Washer"
212,"{'type': 'Point', 'coordinates': [151.06344170674225, -33.90672957560344]}",2000,NSW,U-Shape,North,0.43,12,164.33,Concrete,0.29,22,0,0,VRF,Heat Pump,1,1,"TV, Fridge"
213,"{'type': 'Point', 'coordinates': [151.05341258703353, -33.910521424937315]}",2000,NSW,Rectangular,South,0.47,10,323.85,Concrete,0.25,20,0,1,VRF,Gas Heating,0,0,"Microwave, Washer"
214,"{'type': 'Point', 'coordinates': [151.06107270044717, -33.90027019925091]}",2000,NSW,U-Shape,West,0.36,15,143.01,Concrete,0.36,21,0,0,Package AC,Heat Pump,0,2,"Oven, Dishwasher"
215,"{'type': 'Point', 'coordinates': [151.05927498073714, -33.90697757471548]}",2000,NSW,Rectangular,West,0.44,18,270.86,Concrete,0.27,21,1,1,Package AC,Gas Heating,1,0,"Oven, Dishwasher"
216,"{'type': 'Point', 'coordinates': [151.05614867705316, -33.903609731164565]}",2000,NSW,L-Shape,North,0.49,15,64.93,Steel,0.3,20,0,1,Split AC,Gas Heating,1,2,"Microwave, Washer"
217,"{'type': 'Point', 'coordinates': [151.06790288891798, -33.906063611731824]}",2000,NSW,Rectangular,West,0.43,12,85.78,Concrete,0.21,19,0,1,VRF,Heat Pump,0,1,"TV, Fridge"
218,"{'type': 'Point', 'coordinates': [151.06001498511583, -33.894872477550194]}",2000,NSW,Rectangular,North,0.51,18,234.89,Wood,0.35,21,1,1,VRF,Gas Heating,1,0,"Microwave, Washer"
219,"{'type': 'Point', 'coordinates': [151.05894872651075, -33.90729272469509]}",2000,NSW,U-Shape,South,0.54,12,61.6,Concrete,0.32,19,1,0,VRF,Heat Pump,0,1,"Oven, Dishwasher"
220,"{'type': 'Point', 'coordinates': [151.05815077264762, -33.896033614073005]}",2000,NSW,U-Shape,North,0.53,12,148.34,Steel,0.37,19,0,0,Split AC,Heat Pump,0,2,"TV, Fridge"
221,"{'type': 'Point', 'coordinates': [151.05744064899267, -33.90965070362964]}",2000,NSW,L-Shape,West,0.59,18,69.11,Concrete,0.24,22,1,1,Split AC,Gas Heating,0,1,"TV, Fridge"
222,"{'type': 'Point', 'coordinates': [151.06384822677802, -33.89890277831307]}",2000,NSW,L-Shape,North,0.31,10,291.77,Steel,0.28,21,1,0,VRF,Heat Pump,1,0,"Microwave, Washer"
223,"{'type': 'Point', 'coordinates': [151.05963382672826, -33.911190987205295]}",2000,NSW,Rectangular,South,0.36,12,337.65,Steel,0.26,20,1,0,VRF,Gas Heating,1,2,"Microwave, Washer"
224,"{'type': 'Point', 'coordinates': [151.0608883111641, -33.89881652298512]}",2000,NSW,U-Shape,West,0.51,15,274.62,Steel,0.38,20,1,1,Split AC,Heat Pump,0,2,"Oven, Dishwasher"
225,"{'type': 'Point', 'coordinates': [151.05931446891927, -33.910780203286]}",2000,NSW,L-Shape,North,0.31,15,131.31,Wood,0.2,20,1,0,Package AC,Heat Pump,0,1,"Microwave, Washer"
226,"{'type': 'Point', 'coordinates': [151.05940120875434, -33.90817616809808]}",2000,NSW,Rectangular,North,0.43,18,238.88,Steel,0.29,20,0,1,Split AC,Gas Heating,1,2,"TV, Fridge"
227,"{'type': 'Point', 'coordinates': [151.05544506200832, -33.912204911353804]}",2000,NSW,Rectangular,East,0.49,18,250.79,Wood,0.35,19,1,1,Package AC,Heat Pump,1,1,"Microwave, Washer"
228,"{'type': 'Point', 'coordinates': [151.06315244610198, -33.90754822363431]}",2000,NSW,U-Shape,East,0.59,15,254.36,Concrete,0.23,21,0,0,VRF,Gas Heating,1,1,"Microwave, Washer"
229,"{'type': 'Point', 'coordinates': [151.06551657660464, -33.90801280044972]}",2000,NSW,Rectangular,North,0.56,12,58.23,Wood,0.27,22,0,1,Package AC,Heat Pump,0,1,"Oven, Dishwasher"
230,"{'type': 'Point', 'coordinates': [151.05851797624118, -33.90230785821165]}",2000,NSW,U-Shape,West,0.5,10,222.22,Steel,0.35,22,1,0,Split AC,Heat Pump,0,2,"Microwave, Washer"
231,"{'type': 'Point', 'coordinates': [151.05402271290987, -33.91237656033101]}",2000,NSW,Rectangular,West,0.5,10,242.84,Concrete,0.39,22,0,0,Split AC,Gas Heating,0,0,"TV, Fridge"
232,"{'type': 'Point', 'coordinates': [151.054109677798, -33.90647242296744]}",2000,NSW,Rectangular,South,0.56,18,130.63,Concrete,0.33,19,0,0,VRF,Gas Heating,0,0,"Microwave, Washer"
233,"{'type': 'Point', 'coordinates': [151.0556345909336, -33.89785661225287]}",2000,NSW,L-Shape,West,0.34,18,243.68,Concrete,0.37,19,0,0,Split AC,Gas Heating,0,1,"Oven, Dishwasher"
234,"{'type': 'Point', 'coordinates': [151.0655283328764, -33.90465994017215]}",2000,NSW,U-Shape,West,0.48,15,113.1,Steel,0.27,20,0,1,Package AC,Heat Pump,1,2,"Microwave, Washer"
235,"{'type': 'Point', 'coordinates': [151.0536610292164, -33.899422997781166]}",2000,NSW,L-Shape,West,0.33,12,210.55,Wood,0.32,21,0,1,Split AC,Gas Heating,0,1,"TV, Fridge"
236,"{'type': 'Point', 'coordinates': [151.05995321981447, -33.89869284407593]}",2000,NSW,U-Shape,South,0.46,10,221.39,Concrete,0.39,19,0,1,Package AC,Heat Pump,1,0,"Oven, Dishwasher"
237,"{'type': 'Point', 'coordinates': [151.0624830272323, -33.91278385455377]}",2000,NSW,U-Shape,East,0.32,10,308.14,Steel,0.21,21,1,1,Package AC,Heat Pump,0,0,"Microwave, Washer"
238,"{'type': 'Point', 'coordinates': [151.05423984278397, -33.89894523116418]}",2000,NSW,U-Shape,North,0.49,10,61.9,Wood,0.28,20,1,1,Split AC,Heat Pump,0,2,"TV, Fridge"
239,"{'type': 'Point', 'coordinates': [151.0659410352227, -33.90881287578651]}",2000,NSW,L-Shape,West,0.56,15,161.94,Steel,0.34,19,0,0,Split AC,Gas Heating,0,0,"TV, Fridge"
240,"{'type': 'Point', 'coordinates': [151.0495543762748, -33.90143249703061]}",2000,NSW,L-Shape,South,0.5,10,179.9,Wood,0.24,22,1,1,Package AC,Heat Pump,1,1,"TV, Fridge"
241,"{'type': 'Point', 'coordinates': [151.06411442789707, -33.908482888858224]}",2000,NSW,L-Shape,North,0.52,12,68.19,Wood,0.38,19,1,1,Package AC,Gas Heating,0,2,"Microwave, Washer"
242,"{'type': 'Point', 'coordinates': [151.06218259645485, -33.89542814082946]}",2000,NSW,L-Shape,South,0.46,18,304.59,Steel,0.26,20,0,0,Split AC,Heat Pump,0,0,"Oven, Dishwasher"
243,"{'type': 'Point', 'coordinates': [151.06555907076293, -33.908916729759035]}",2000,NSW,L-Shape,South,0.42,12,103.91,Steel,0.27,22,1,1,Package AC,Gas Heating,1,2,"Oven, Dishwasher"
244,"{'type': 'Point', 'coordinates': [151.05947031605362, -33.90529641461724]}",2000,NSW,Rectangular,North,0.44,10,169.23,Concrete,0.24,20,0,1,Split AC,Heat Pump,1,0,"Microwave, Washer"
245,"{'type': 'Point', 'coordinates': [151.05247550089464, -33.910175189461704]}",2000,NSW,L-Shape,South,0.45,15,111.09,Wood,0.32,22,1,1,Package AC,Gas Heating,1,1,"Microwave, Washer"
246,"{'type': 'Point', 'coordinates': [151.0581194444119, -33.90015789300441]}",2000,NSW,L-Shape,South,0.33,12,174.22,Wood,0.33,20,0,1,Split AC,Gas Heating,1,1,"TV, Fridge"
247,"{'type': 'Point', 'coordinates': [151.06583137844675, -33.909618385287914]}",2000,NSW,U-Shape,South,0.38,15,219.38,Wood,0.39,22,1,0,Split AC,Gas Heating,1,0,"Oven, Dishwasher"
248,"{'type': 'Point', 'coordinates': [151.05422115284884, -33.89808986685085]}",2000,NSW,Rectangular,East,0.47,12,111.31,Steel,0.22,21,1,1,Split AC,Heat Pump,1,1,"TV, Fridge"
249,"{'type': 'Point', 'coordinates': [151.05979607488302, -33.8982993256313]}",2000,NSW,Rectangular,North,0.48,15,167.65,Wood,0.2,22,0,0,Package AC,Gas Heating,0,1,"TV, Fridge"
250,"{'type': 'Point', 'coordinates': [151.05561567865124, -33.912041450398455]}",2000,NSW,L-Shape,West,0.46,15,346.77,Steel,0.21,19,0,1,VRF,Gas Heating,0,2,"Oven, Dishwasher"
251,"{'type': 'Point', 'coordinates': [151.0649038890184, -33.90957081690134]}",2000,NSW,Rectangular,North,0.57,18,275.62,Steel,0.25,20,0,0,Package AC,Heat Pump,1,2,"TV, Fridge"
252,"{'type': 'Point', 'coordinates': [151.06033046785765, -33.90814554497087]}",2000,NSW,U-Shape,South,0.39,12,313.34,Wood,0.2,19,0,1,Package AC,Heat Pump,0,1,"Microwave, Washer"
253,"{'type': 'Point', 'coordinates': [151.0570891313634, -33.91371774378309]}",2000,NSW,L-Shape,South,0.54,18,256.85,Concrete,0.38,19,1,0,Split AC,Gas Heating,1,0,"TV, Fridge"
254,"{'type': 'Point', 'coordinates': [151.0664407219659, -33.90880254153739]}",2000,NSW,Rectangular,South,0.41,18,92.06,Steel,0.31,19,1,1,Split AC,Gas Heating,0,2,"Microwave, Washer"
255,"{'type': 'Point', 'coordinates': [151.06427796973935, -33.90820134813121]}",2000,NSW,Rectangular,West,0.55,18,94.97,Steel,0.36,20,1,1,Package AC,Heat Pump,1,0,"Oven, Dishwasher"
256,"{'type': 'Point', 'coordinates': [151.0557003271279, -33.89671998579574]}",2000,NSW,L-Shape,East,0.58,15,88.82,Concrete,0.33,21,1,1,Split AC,Heat Pump,1,0,"Microwave, Washer"
257,"{'type': 'Point', 'coordinates': [151.05727396677622, -33.90502791968409]}",2000,NSW,Rectangular,North,0.4,12,140.68,Wood,0.27,20,0,0,Package AC,Gas Heating,1,0,"TV, Fridge"
258,"{'type': 'Point', 'coordinates': [151.05804632563215, -33.8964147792619]}",2000,NSW,L-Shape,North,0.46,18,314.75,Wood,0.3,21,1,1,Package AC,Heat Pump,0,1,"TV, Fridge"
259,"{'type': 'Point', 'coordinates': [151.06129963260213, -33.90300658608937]}",2000,NSW,Rectangular,West,0.45,10,165.19,Wood,0.3,22,1,0,Split AC,Gas Heating,1,1,"Microwave, Washer"
260,"{'type': 'Point', 'coordinates': [151.0565173765701, -33.901559925902234]}",2000,NSW,Rectangular,East,0.34,15,155.73,Steel,0.2,20,0,0,Package AC,Heat Pump,0,2,"TV, Fridge"
261,"{'type': 'Point', 'coordinates': [151.05193633487045, -33.89980563391574]}",2000,NSW,L-Shape,West,0.3,12,82.29,Concrete,0.38,22,1,0,Split AC,Gas Heating,0,1,"Oven, Dishwasher"
262,"{'type': 'Point', 'coordinates': [151.05765793483133, -33.903763461334336]}",2000,NSW,L-Shape,North,0.33,12,103.38,Wood,0.24,22,1,0,Package AC,Heat Pump,0,0,"Microwave, Washer"
263,"{'type': 'Point', 'coordinates': [151.06351249145285, -33.90617509536565]}",2000,NSW,L-Shape,East,0.53,12,329.74,Steel,0.2,22,1,1,VRF,Heat Pump,1,0,"Microwave, Washer"
264,"{'type': 'Point', 'coordinates': [151.0656453473611, -33.90369125416986]}",2000,NSW,U-Shape,South,0.32,18,315.85,Steel,0.26,20,1,0,Split AC,Gas Heating,0,0,"Oven, Dishwasher"
265,"{'type': 'Point', 'coordinates': [151.06470911777504, -33.91179549258934]}",2000,NSW,L-Shape,South,0.36,10,73.69,Wood,0.37,22,0,0,Split AC,Gas Heating,1,0,"Microwave, Washer"
266,"{'type': 'Point', 'coordinates': [151.06076068298808, -33.902048148187596]}",2000,NSW,L-Shape,West,0.39,10,140.05,Wood,0.3,20,0,0,VRF,Gas Heating,0,2,"TV, Fridge"
267,"{'type': 'Point', 'coordinates': [151.06366240921233, -33.91191743727048]}",2000,NSW,U-Shape,South,0.36,12,259.73,Steel,0.33,19,0,1,Split AC,Heat Pump,0,0,"Microwave, Washer"
268,"{'type': 'Point', 'coordinates': [151.0666494281544, -33.908531496585745]}",2000,NSW,Rectangular,West,0.59,12,50.71,Steel,0.22,22,0,1,VRF,Gas Heating,0,1,"TV, Fridge"
269,"{'type': 'Point', 'coordinates': [151.06367038255667, -33.91174353273446]}",2000,NSW,L-Shape,North,0.45,10,152.99,Steel,0.34,21,0,0,Split AC,Heat Pump,0,1,"Oven, Dishwasher"
270,"{'type': 'Point', 'coordinates': [151.0630657793673, -33.90296127185072]}",2000,NSW,Rectangular,East,0.43,12,333.16,Concrete,0.26,20,1,1,Split AC,Heat Pump,0,0,"TV, Fridge"
271,"{'type': 'Point', 'coordinates': [151.05928989071597, -33.903918572766756]}",2000,NSW,Rectangular,East,0.37,18,91.33,Concrete,0.33,20,1,0,Split AC,Gas Heating,1,2,"Microwave, Washer"
272,"{'type': 'Point', 'coordinates': [151.06888893700818, -33.90546469410167]}",2000,NSW,U-Shape,West,0.46,18,239.84,Concrete,0.27,21,1,0,Package AC,Gas Heating,1,1,"Microwave, Washer"
273,"{'type': 'Point', 'coordinates': [151.05538489753582, -33.905315139606046]}",2000,NSW,U-Shape,South,0.51,15,123.96,Concrete,0.25,19,0,1,VRF,Gas Heating,1,1,"Oven, Dishwasher"
274,"{'type': 'Point', 'coordinates': [151.0652607221507, -33.896792089752886]}",2000,NSW,Rectangular,South,0.31,15,243.3,Steel,0.33,22,1,1,Package AC,Gas Heating,0,0,"TV, Fridge"
275,"{'type': 'Point', 'coordinates': [151.06564814154837, -33.90777868327987]}",2000,NSW,Rectangular,West,0.47,18,274.84,Wood,0.34,21,0,0,Split AC,Heat Pump,0,0,"TV, Fridge"
276,"{'type': 'Point', 'coordinates': [151.05765946369462, -33.9116265383379]}",2000,NSW,L-Shape,East,0.55,12,187.87,Wood,0.31,21,1,1,VRF,Heat Pump,0,0,"Oven, Dishwasher"
277,"{'type': 'Point', 'coordinates': [151.0567179686531, -33.913624161081]}",2000,NSW,U-Shape,West,0.34,12,227.28,Concrete,0.38,21,0,0,VRF,Gas Heating,1,1,"Microwave, Washer"
278,"{'type': 'Point', 'coordinates': [151.05645124049053, -33.90289339610334]}",2000,NSW,U-Shape,North,0.49,18,271.08,Concrete,0.28,22,0,0,Split AC,Heat Pump,0,2,"Microwave, Washer"
279,"{'type': 'Point', 'coordinates': [151.06613802350907, -33.900197065965486]}",2000,NSW,Rectangular,North,0.49,15,89.62,Wood,0.37,20,1,0,Package AC,Gas Heating,0,1,"Oven, Dishwasher"
280,"{'type': 'Point', 'coordinates': [151.0620641128362, -33.90281159122621]}",2000,NSW,U-Shape,North,0.35,15,191.89,Wood,0.22,22,1,1,Package AC,Gas Heating,1,1,"TV, Fridge"
281,"{'type': 'Point', 'coordinates': [151.0661862856506, -33.91049289636843]}",2000,NSW,U-Shape,East,0.39,10,162.93,Steel,0.4,20,0,1,Package AC,Gas Heating,0,1,"Microwave, Washer"
282,"{'type': 'Point', 'coordinates': [151.06255417227146, -33.90092416756524]}",2000,NSW,Rectangular,West,0.36,15,218.64,Concrete,0.3,20,0,1,Split AC,Heat Pump,1,0,"Oven, Dishwasher"
283,"{'type': 'Point', 'coordinates': [151.06857335849182, -33.9045619863211]}",2000,NSW,Rectangular,East,0.54,10,230.47,Wood,0.34,21,1,1,VRF,Gas Heating,1,2,"Oven, Dishwasher"
284,"{'type': 'Point', 'coordinates': [151.05423057072147, -33.908964771174155]}",2000,NSW,U-Shape,East,0.51,15,231.25,Steel,0.32,21,0,1,Package AC,Heat Pump,1,0,"TV, Fridge"
285,"{'type': 'Point', 'coordinates': [151.06073059135622, -33.91076624328514]}",2000,NSW,L-Shape,South,0.51,12,184.91,Wood,0.29,21,0,1,Package AC,Gas Heating,0,1,"TV, Fridge"
286,"{'type': 'Point', 'coordinates': [151.067662838121, -33.90533471157814]}",2000,NSW,U-Shape,South,0.41,18,214.8,Steel,0.31,20,1,0,Package AC,Gas Heating,0,0,"Microwave, Washer"
287,"{'type': 'Point', 'coordinates': [151.056818594559, -33.90653955737666]}",2000,NSW,L-Shape,East,0.44,18,282.08,Concrete,0.29,20,0,0,VRF,Gas Heating,0,0,"Oven, Dishwasher"
288,"{'type': 'Point', 'coordinates': [151.0583661303827, -33.90736823024706]}",2000,NSW,Rectangular,South,0.44,10,104.45,Wood,0.22,20,1,1,Package AC,Gas Heating,0,1,"Oven, Dishwasher"
289,"{'type': 'Point', 'coordinates': [151.06463135977373, -33.896615225167295]}",2000,NSW,U-Shape,East,0.36,10,321.55,Steel,0.23,19,1,0,Package AC,Heat Pump,1,2,"TV, Fridge"
290,"{'type': 'Point', 'coordinates': [151.0522801297631, -33.907337844786106]}",2000,NSW,Rectangular,East,0.48,10,297.73,Concrete,0.35,21,1,1,VRF,Gas Heating,1,2,"Microwave, Washer"
291,"{'type': 'Point', 'coordinates': [151.0560726290142, -33.91271565468909]}",2000,NSW,Rectangular,West,0.35,12,126.4,Concrete,0.38,22,1,1,Split AC,Gas Heating,0,2,"TV, Fridge"
292,"{'type': 'Point', 'coordinates': [151.06140123107977, -33.904834457375834]}",2000,NSW,Rectangular,North,0.48,10,207.38,Concrete,0.39,20,1,1,Split AC,Heat Pump,1,0,"Oven, Dishwasher"
293,"{'type': 'Point', 'coordinates': [151.0616965874999, -33.903304059806125]}",2000,NSW,U-Shape,North,0.6,15,288.47,Steel,0.27,22,0,0,VRF,Gas Heating,0,1,"TV, Fridge"
294,"{'type': 'Point', 'coordinates': [151.06623841337486, -33.905007165600615]}",2000,NSW,U-Shape,North,0.32,18,267.92,Concrete,0.33,21,0,0,VRF,Heat Pump,1,0,"TV, Fridge"
295,"{'type': 'Point', 'coordinates': [151.05346109819817, -33.898500279858915]}",2000,NSW,L-Shape,East,0.42,15,102.72,Wood,0.38,22,1,0,Split AC,Heat Pump,1,1,"Oven, Dishwasher"
296,"{'type': 'Point', 'coordinates': [151.0635113897659, -33.89969577774376]}",2000,NSW,Rectangular,East,0.4,15,339.38,Concrete,0.39,21,1,0,Package AC,Heat Pump,0,0,"Oven, Dishwasher"
297,"{'type': 'Point', 'coordinates': [151.05665512059232, -33.89612698637658]}",2000,NSW,Rectangular,East,0.47,18,309.01,Concrete,0.23,20,0,1,VRF,Heat Pump,0,0,"Microwave, Washer"
298,"{'type': 'Point', 'coordinates': [151.0644636784394, -33.895787030398225]}",2000,NSW,Rectangular,West,0.49,15,121.46,Concrete,0.22,22,0,0,Split AC,Heat Pump,0,2,"Oven, Dishwasher"
299,"{'type': 'Point', 'coordinates': [151.06210147510038, -33.90317967680435]}",2000,NSW,Rectangular,West,0.46,12,222.89,Wood,0.4,21,0,0,Split AC,Gas Heating,0,0,"Microwave, Washer"
300,"{'type': 'Point', 'coordinates': [151.06405038297333, -33.89542821153381]}",2000,NSW,U-Shape,West,0.45,15,344.22,Wood,0.2,19,0,0,VRF,Heat Pump,1,2,"Oven, Dishwasher"
301,"{'type': 'Point', 'coordinates': [151.05856749942868, -33.895722965752114]}",2000,NSW,L-Shape,East,0.55,15,62.1,Wood,0.39,22,1,1,Split AC,Gas Heating,1,0,"TV, Fridge"
302,"{'type': 'Point', 'coordinates': [151.05631359468276, -33.90953481939371]}",2000,NSW,U-Shape,West,0.56,15,157.35,Wood,0.39,19,1,0,VRF,Heat Pump,1,2,"Oven, Dishwasher"
303,"{'type': 'Point', 'coordinates': [151.05643492553187, -33.89575674997425]}",2000,NSW,U-Shape,South,0.37,12,141.35,Steel,0.22,21,1,1,Package AC,Heat Pump,0,2,"Oven, Dishwasher"
304,"{'type': 'Point', 'coordinates': [151.06028893376197, -33.90327003165271]}",2000,NSW,Rectangular,East,0.52,10,122.63,Wood,0.4,21,1,1,Package AC,Heat Pump,0,2,"TV, Fridge"
305,"{'type': 'Point', 'coordinates': [151.0542845849356, -33.90082403713479]}",2000,NSW,U-Shape,South,0.44,15,249.39,Steel,0.31,19,1,1,Package AC,Heat Pump,1,0,"Microwave, Washer"
306,"{'type': 'Point', 'coordinates': [151.06165232184432, -33.90273685732525]}",2000,NSW,L-Shape,South,0.36,12,303.74,Steel,0.25,22,0,1,VRF,Gas Heating,1,0,"Microwave, Washer"
307,"{'type': 'Point', 'coordinates': [151.04922717017047, -33.904043971264535]}",2000,NSW,Rectangular,South,0.33,18,98.06,Concrete,0.31,22,0,1,VRF,Gas Heating,1,0,"TV, Fridge"
308,"{'type': 'Point', 'coordinates': [151.05767994238894, -33.90803118581678]}",2000,NSW,Rectangular,West,0.41,12,136.83,Wood,0.26,20,1,0,Package AC,Gas Heating,0,1,"TV, Fridge"
309,"{'type': 'Point', 'coordinates': [151.053815692776, -33.89757891869537]}",2000,NSW,Rectangular,West,0.32,18,138.24,Steel,0.22,20,1,0,Split AC,Gas Heating,1,1,"Microwave, Washer"
310,"{'type': 'Point', 'coordinates': [151.06292015749156, -33.90192655435165]}",2000,NSW,L-Shape,East,0.49,12,159.59,Concrete,0.22,19,1,0,Split AC,Gas Heating,0,2,"TV, Fridge"
311,"{'type': 'Point', 'coordinates': [151.06521683997298, -33.90109386205516]}",2000,NSW,Rectangular,East,0.36,12,86.81,Steel,0.25,19,0,0,Split AC,Gas Heating,1,0,"Oven, Dishwasher"
312,"{'type': 'Point', 'coordinates': [151.05008438401532, -33.90660988646132]}",2000,NSW,Rectangular,East,0.48,10,245.89,Steel,0.3,21,0,1,Split AC,Gas Heating,1,0,"Microwave, Washer"
313,"{'type': 'Point', 'coordinates': [151.06264233534964, -33.90326022273368]}",2000,NSW,Rectangular,South,0.39,12,174.19,Steel,0.35,22,1,0,Package AC,Heat Pump,0,0,"TV, Fridge"
314,"{'type': 'Point', 'coordinates': [151.0579017107894, -33.89765946421883]}",2000,NSW,L-Shape,South,0.37,15,299.92,Steel,0.23,21,0,1,Package AC,Gas Heating,1,0,"Microwave, Washer"
315,"{'type': 'Point', 'coordinates': [151.0556719118456, -33.89462042386169]}",2000,NSW,L-Shape,South,0.49,12,246.03,Steel,0.34,19,0,1,VRF,Heat Pump,0,0,"Microwave, Washer"
316,"{'type': 'Point', 'coordinates': [151.05320605678597, -33.896436899289796]}",2000,NSW,Rectangular,East,0.37,10,338.2,Steel,0.35,22,1,0,Split AC,Gas Heating,0,2,"TV, Fridge"
317,"{'type': 'Point', 'coordinates': [151.06439867060467, -33.90422098699652]}",2000,NSW,Rectangular,South,0.57,12,94.82,Steel,0.38,20,1,1,Split AC,Gas Heating,0,0,"Oven, Dishwasher"
318,"{'type': 'Point', 'coordinates': [151.06421142323444, -33.89637566329689]}",2000,NSW,L-Shape,West,0.37,12,139.35,Steel,0.36,19,0,1,VRF,Heat Pump,0,2,"Oven, Dishwasher"
319,"{'type': 'Point', 'coordinates': [151.06252752853385, -33.903675650393]}",2000,NSW,U-Shape,West,0.32,15,138.92,Concrete,0.29,19,0,0,Package AC,Heat Pump,1,0,"TV, Fridge"
320,"{'type': 'Point', 'coordinates': [151.0595048635928, -33.90256823404335]}",2000,NSW,L-Shape,West,0.37,12,151.68,Wood,0.21,19,1,1,VRF,Gas Heating,1,1,"TV, Fridge"
321,"{'type': 'Point', 'coordinates': [151.05815388027895, -33.90496666275723]}",2000,NSW,Rectangular,West,0.42,12,138.49,Steel,0.28,21,1,1,VRF,Heat Pump,0,2,"Microwave, Washer"
322,"{'type': 'Point', 'coordinates': [151.05790530890374, -33.89661823770686]}",2000,NSW,Rectangular,East,0.42,10,288.63,Concrete,0.4,21,1,1,Package AC,Heat Pump,0,2,"TV, Fridge"
323,"{'type': 'Point', 'coordinates': [151.05735362929255, -33.90707909444546]}",2000,NSW,L-Shape,East,0.42,10,248.19,Wood,0.33,19,0,1,Package AC,Heat Pump,1,1,"TV, Fridge"
324,"{'type': 'Point', 'coordinates': [151.05082884445508, -33.90604450799556]}",2000,NSW,Rectangular,South,0.45,15,66.1,Concrete,0.29,20,0,0,VRF,Gas Heating,1,2,"TV, Fridge"
325,"{'type': 'Point', 'coordinates': [151.06552196358635, -33.9020546180409]}",2000,NSW,U-Shape,North,0.38,12,78.05,Steel,0.37,22,0,1,VRF,Heat Pump,0,0,"Oven, Dishwasher"
326,"{'type': 'Point', 'coordinates': [151.05715974871353, -33.902042389118144]}",2000,NSW,U-Shape,South,0.48,18,258.6,Concrete,0.27,21,0,1,Split AC,Gas Heating,1,1,"TV, Fridge"
327,"{'type': 'Point', 'coordinates': [151.05657420947054, -33.905356870403494]}",2000,NSW,L-Shape,South,0.43,12,275.01,Steel,0.26,20,1,0,Split AC,Heat Pump,0,2,"Oven, Dishwasher"
328,"{'type': 'Point', 'coordinates': [151.0561688554951, -33.910503960512855]}",2000,NSW,Rectangular,North,0.55,15,336.15,Wood,0.35,22,1,0,VRF,Gas Heating,0,1,"Microwave, Washer"
329,"{'type': 'Point', 'coordinates': [151.06354507353598, -33.909211690447265]}",2000,NSW,U-Shape,East,0.48,10,298.57,Concrete,0.23,19,0,0,Package AC,Gas Heating,1,1,"Oven, Dishwasher"
330,"{'type': 'Point', 'coordinates': [151.06259307099262, -33.90878083198189]}",2000,NSW,L-Shape,South,0.52,10,190.25,Concrete,0.38,22,0,0,VRF,Heat Pump,1,0,"Oven, Dishwasher"
331,"{'type': 'Point', 'coordinates': [151.0513165843312, -33.902916791106655]}",2000,NSW,Rectangular,South,0.42,18,156,Concrete,0.36,22,0,1,Package AC,Gas Heating,0,0,"Microwave, Washer"
332,"{'type': 'Point', 'coordinates': [151.05700426924787, -33.90915341832276]}",2000,NSW,Rectangular,West,0.6,12,315.96,Steel,0.34,22,1,1,Split AC,Heat Pump,0,1,"Oven, Dishwasher"
333,"{'type': 'Point', 'coordinates': [151.06696914412402, -33.90147153244322]}",2000,NSW,U-Shape,West,0.57,18,256.53,Wood,0.33,21,0,1,Split AC,Heat Pump,1,0,"Microwave, Washer"
334,"{'type': 'Point', 'coordinates': [151.05953689014345, -33.913359056352455]}",2000,NSW,U-Shape,North,0.55,18,318.42,Steel,0.35,22,0,1,Package AC,Gas Heating,0,2,"TV, Fridge"
335,"{'type': 'Point', 'coordinates': [151.05203187905798, -33.90958854582116]}",2000,NSW,L-Shape,West,0.4,12,117.35,Concrete,0.32,21,0,1,VRF,Heat Pump,1,2,"Oven, Dishwasher"
336,"{'type': 'Point', 'coordinates': [151.06142241327277, -33.89866674273032]}",2000,NSW,L-Shape,East,0.57,12,283.79,Steel,0.32,20,1,1,Package AC,Gas Heating,0,1,"Oven, Dishwasher"
337,"{'type': 'Point', 'coordinates': [151.05433507158335, -33.90056367490465]}",2000,NSW,L-Shape,West,0.51,10,349.48,Wood,0.36,21,1,0,VRF,Gas Heating,0,0,"Oven, Dishwasher"
338,"{'type': 'Point', 'coordinates': [151.0552656000688, -33.8969040455646]}",2000,NSW,U-Shape,East,0.4,10,71.96,Wood,0.24,22,0,1,Split AC,Heat Pump,0,0,"Oven, Dishwasher"
339,"{'type': 'Point', 'coordinates': [151.0626750943867, -33.91025129954496]}",2000,NSW,U-Shape,West,0.38,18,127.38,Steel,0.28,21,1,0,Split AC,Gas Heating,1,1,"TV, Fridge"
340,"{'type': 'Point', 'coordinates': [151.05801025942597, -33.91163071771229]}",2000,NSW,U-Shape,South,0.32,10,99.18,Wood,0.29,19,0,0,VRF,Gas Heating,0,0,"TV, Fridge"
341,"{'type': 'Point', 'coordinates': [151.05685881565051, -33.91144174556683]}",2000,NSW,U-Shape,South,0.53,18,259.39,Concrete,0.3,21,0,1,VRF,Heat Pump,1,0,"TV, Fridge"
342,"{'type': 'Point', 'coordinates': [151.06500555589113, -33.89692815551237]}",2000,NSW,U-Shape,South,0.5,18,254.31,Steel,0.34,22,1,1,Split AC,Gas Heating,0,1,"Oven, Dishwasher"
343,"{'type': 'Point', 'coordinates': [151.06158161846, -33.89943199863936]}",2000,NSW,U-Shape,South,0.55,10,79.32,Concrete,0.25,20,1,1,Package AC,Gas Heating,0,1,"TV, Fridge"
344,"{'type': 'Point', 'coordinates': [151.05095954480143, -33.90577141905896]}",2000,NSW,U-Shape,East,0.31,12,219.84,Wood,0.21,20,1,0,Package AC,Gas Heating,0,1,"Oven, Dishwasher"
345,"{'type': 'Point', 'coordinates': [151.06244628168085, -33.90566165212569]}",2000,NSW,L-Shape,North,0.35,10,346.51,Concrete,0.37,19,0,0,Split AC,Gas Heating,0,1,"Microwave, Washer"
346,"{'type': 'Point', 'coordinates': [151.06646623942652, -33.901641078295214]}",2000,NSW,Rectangular,West,0.54,12,273.46,Concrete,0.23,20,1,0,Package AC,Gas Heating,0,0,"Oven, Dishwasher"
347,"{'type': 'Point', 'coordinates': [151.05135511947438, -33.90780672852017]}",2000,NSW,Rectangular,West,0.36,15,334.32,Wood,0.34,19,1,1,Package AC,Gas Heating,0,2,"Microwave, Washer"
348,"{'type': 'Point', 'coordinates': [151.06263293325128, -33.89592907135851]}",2000,NSW,U-Shape,East,0.31,18,132.26,Wood,0.21,19,1,0,VRF,Heat Pump,0,2,"Microwave, Washer"
349,"{'type': 'Point', 'coordinates': [151.06230616128627, -33.90258980464764]}",2000,NSW,Rectangular,North,0.53,15,296.91,Steel,0.26,21,0,1,Split AC,Heat Pump,1,2,"Oven, Dishwasher"
350,"{'type': 'Point', 'coordinates': [151.060298277186, -33.90133441424341]}",2000,NSW,Rectangular,South,0.31,10,299.21,Concrete,0.33,21,0,1,VRF,Gas Heating,0,0,"TV, Fridge"
351,"{'type': 'Point', 'coordinates': [151.06675412249868, -33.901841722304304]}",2000,NSW,Rectangular,North,0.47,10,82.28,Concrete,0.39,22,1,1,VRF,Gas Heating,1,1,"Oven, Dishwasher"
352,"{'type': 'Point', 'coordinates': [151.06541336912397, -33.904926827523525]}",2000,NSW,U-Shape,North,0.59,18,307.71,Wood,0.38,20,0,1,Package AC,Gas Heating,1,2,"Oven, Dishwasher"
353,"{'type': 'Point', 'coordinates': [151.06215164527214, -33.89956983531905]}",2000,NSW,Rectangular,West,0.36,12,222.06,Wood,0.32,22,1,1,Split AC,Heat Pump,0,0,"Microwave, Washer"
354,"{'type': 'Point', 'coordinates': [151.05929765611606, -33.895546197200105]}",2000,NSW,Rectangular,North,0.44,10,139.41,Concrete,0.37,22,1,1,Package AC,Heat Pump,1,0,"Microwave, Washer"
355,"{'type': 'Point', 'coordinates': [151.05336394152664, -33.90941926674144]}",2000,NSW,Rectangular,North,0.46,15,89.07,Concrete,0.22,19,0,0,VRF,Gas Heating,1,1,"Oven, Dishwasher"
356,"{'type': 'Point', 'coordinates': [151.06422832121856, -33.904505756237]}",2000,NSW,L-Shape,South,0.32,12,174.16,Steel,0.38,20,0,0,VRF,Gas Heating,0,2,"TV, Fridge"
357,"{'type': 'Point', 'coordinates': [151.0545819965665, -33.9084821336195]}",2000,NSW,Rectangular,West,0.38,15,294.23,Steel,0.37,19,1,1,Package AC,Heat Pump,0,0,"TV, Fridge"
358,"{'type': 'Point', 'coordinates': [151.05851892275402, -33.90999239429878]}",2000,NSW,U-Shape,North,0.56,18,110.5,Wood,0.33,20,0,0,VRF,Heat Pump,0,2,"Oven, Dishwasher"
359,"{'type': 'Point', 'coordinates': [151.06149832618627, -33.90862861441115]}",2000,NSW,L-Shape,North,0.58,15,267.45,Wood,0.21,22,1,1,VRF,Gas Heating,0,2,"Microwave, Washer"
360,"{'type': 'Point', 'coordinates': [151.0573736945619, -33.9082859253707]}",2000,NSW,L-Shape,South,0.31,15,121.25,Concrete,0.24,21,0,1,Split AC,Gas Heating,1,1,"Microwave, Washer"
361,"{'type': 'Point', 'coordinates': [151.0594925378168, -33.91118435092392]}",2000,NSW,U-Shape,South,0.51,12,156.98,Concrete,0.22,21,1,1,Split AC,Heat Pump,1,2,"Oven, Dishwasher"
362,"{'type': 'Point', 'coordinates': [151.0597109236157, -33.89541257505817]}",2000,NSW,L-Shape,South,0.57,15,243.65,Concrete,0.33,19,0,1,Split AC,Heat Pump,1,0,"Oven, Dishwasher"
363,"{'type': 'Point', 'coordinates': [151.0652796074109, -33.89835467266691]}",2000,NSW,L-Shape,South,0.41,12,146.49,Concrete,0.36,21,1,1,Split AC,Heat Pump,0,0,"TV, Fridge"
364,"{'type': 'Point', 'coordinates': [151.05970143137824, -33.91129654076481]}",2000,NSW,L-Shape,South,0.5,18,69.32,Concrete,0.39,20,0,1,VRF,Heat Pump,1,0,"TV, Fridge"
365,"{'type': 'Point', 'coordinates': [151.0504757317524, -33.90580502911282]}",2000,NSW,L-Shape,North,0.46,12,176.42,Concrete,0.34,22,0,0,Split AC,Gas Heating,1,1,"Microwave, Washer"
366,"{'type': 'Point', 'coordinates': [151.05650104089483, -33.90510371186396]}",2000,NSW,Rectangular,North,0.53,10,70.74,Wood,0.28,20,1,0,Split AC,Gas Heating,0,2,"Microwave, Washer"
367,"{'type': 'Point', 'coordinates': [151.06774477956782, -33.89962614900913]}",2000,NSW,L-Shape,North,0.55,15,66.76,Steel,0.24,20,1,1,Split AC,Heat Pump,0,0,"Oven, Dishwasher"
368,"{'type': 'Point', 'coordinates': [151.05085699861888, -33.90365571171494]}",2000,NSW,U-Shape,West,0.52,10,121.89,Wood,0.37,22,0,1,Package AC,Gas Heating,1,2,"Microwave, Washer"
369,"{'type': 'Point', 'coordinates': [151.05505630124776, -33.89950569559015]}",2000,NSW,Rectangular,South,0.42,10,330.72,Concrete,0.36,19,1,1,Package AC,Heat Pump,1,0,"TV, Fridge"
370,"{'type': 'Point', 'coordinates': [151.05678567022136, -33.909116147285154]}",2000,NSW,L-Shape,South,0.38,10,224.93,Steel,0.24,19,0,0,Package AC,Heat Pump,0,1,"Microwave, Washer"
371,"{'type': 'Point', 'coordinates': [151.06362389833595, -33.90058214394069]}",2000,NSW,Rectangular,East,0.33,18,318.37,Concrete,0.32,19,0,1,Package AC,Gas Heating,1,1,"Oven, Dishwasher"
372,"{'type': 'Point', 'coordinates': [151.06626622600785, -33.89730658248483]}",2000,NSW,L-Shape,West,0.31,18,232.73,Steel,0.35,19,1,1,VRF,Gas Heating,0,0,"TV, Fridge"
373,"{'type': 'Point', 'coordinates': [151.0636542712722, -33.910480920930674]}",2000,NSW,L-Shape,East,0.57,18,339.55,Wood,0.2,19,1,1,Package AC,Heat Pump,0,1,"TV, Fridge"
374,"{'type': 'Point', 'coordinates': [151.06494706719445, -33.90109258741037]}",2000,NSW,L-Shape,South,0.57,18,131.57,Wood,0.28,22,0,1,Package AC,Heat Pump,1,2,"TV, Fridge"
375,"{'type': 'Point', 'coordinates': [151.06517970164202, -33.90883771930753]}",2000,NSW,L-Shape,South,0.39,15,237.09,Wood,0.4,22,0,1,VRF,Heat Pump,0,2,"Oven, Dishwasher"
376,"{'type': 'Point', 'coordinates': [151.05422913794465, -33.900188420466144]}",2000,NSW,U-Shape,West,0.43,12,176.83,Wood,0.32,20,0,0,Package AC,Gas Heating,1,0,"TV, Fridge"
377,"{'type': 'Point', 'coordinates': [151.05924723453862, -33.903506569833326]}",2000,NSW,L-Shape,West,0.31,15,121.06,Concrete,0.3,20,0,1,Split AC,Heat Pump,1,0,"TV, Fridge"
378,"{'type': 'Point', 'coordinates': [151.05107225435606, -33.90596161781292]}",2000,NSW,U-Shape,South,0.39,10,217.99,Concrete,0.3,19,1,0,Split AC,Gas Heating,0,1,"Microwave, Washer"
379,"{'type': 'Point', 'coordinates': [151.0610480135939, -33.89662341539246]}",2000,NSW,Rectangular,West,0.43,15,348.6,Wood,0.39,21,0,1,Split AC,Gas Heating,0,2,"TV, Fridge"
380,"{'type': 'Point', 'coordinates': [151.05615692654015, -33.90214694585063]}",2000,NSW,L-Shape,East,0.49,15,268.78,Concrete,0.4,21,0,1,Split AC,Heat Pump,0,1,"Microwave, Washer"
381,"{'type': 'Point', 'coordinates': [151.0500802282097, -33.9058428004139]}",2000,NSW,Rectangular,North,0.44,18,93.75,Concrete,0.26,22,0,0,VRF,Gas Heating,0,1,"Microwave, Washer"
382,"{'type': 'Point', 'coordinates': [151.05397436542054, -33.907790338038694]}",2000,NSW,Rectangular,East,0.51,15,145.05,Steel,0.22,21,1,0,Package AC,Gas Heating,0,0,"Oven, Dishwasher"
383,"{'type': 'Point', 'coordinates': [151.0640040844245, -33.90325792779926]}",2000,NSW,U-Shape,South,0.32,18,336.01,Wood,0.4,22,0,0,VRF,Gas Heating,1,1,"Oven, Dishwasher"
384,"{'type': 'Point', 'coordinates': [151.05243942809605, -33.90906323937815]}",2000,NSW,Rectangular,East,0.58,10,324.17,Wood,0.25,22,0,0,Split AC,Heat Pump,0,0,"Oven, Dishwasher"
385,"{'type': 'Point', 'coordinates': [151.0568761072895, -33.90004122291801]}",2000,NSW,U-Shape,South,0.59,12,332.84,Wood,0.31,21,0,1,VRF,Gas Heating,0,2,"Microwave, Washer"
386,"{'type': 'Point', 'coordinates': [151.05937574984534, -33.90699172359226]}",2000,NSW,Rectangular,North,0.44,15,301.76,Concrete,0.22,21,1,0,VRF,Gas Heating,0,1,"Oven, Dishwasher"
387,"{'type': 'Point', 'coordinates': [151.0522175048621, -33.900053414515256]}",2000,NSW,Rectangular,North,0.47,15,187.72,Wood,0.35,20,0,1,VRF,Gas Heating,0,0,"Microwave, Washer"
388,"{'type': 'Point', 'coordinates': [151.05666335121717, -33.90410417174254]}",2000,NSW,L-Shape,West,0.53,18,104.59,Concrete,0.4,19,1,0,Package AC,Gas Heating,1,0,"Microwave, Washer"
389,"{'type': 'Point', 'coordinates': [151.06008886073866, -33.89997890176277]}",2000,NSW,U-Shape,North,0.5,15,178.88,Steel,0.31,19,0,1,VRF,Heat Pump,0,2,"Microwave, Washer"
390,"{'type': 'Point', 'coordinates': [151.0544769006812, -33.90433058512023]}",2000,NSW,U-Shape,East,0.51,12,343.68,Steel,0.36,20,0,0,VRF,Heat Pump,0,0,"Microwave, Washer"
391,"{'type': 'Point', 'coordinates': [151.05899106428382, -33.90692096186931]}",2000,NSW,U-Shape,West,0.42,10,63.16,Steel,0.28,20,1,0,Split AC,Heat Pump,1,2,"Microwave, Washer"
392,"{'type': 'Point', 'coordinates': [151.05158201105004, -33.89823498753125]}",2000,NSW,L-Shape,West,0.38,10,256.91,Concrete,0.28,22,0,1,Package AC,Gas Heating,0,2,"Oven, Dishwasher"
393,"{'type': 'Point', 'coordinates': [151.06432657874265, -33.90567584367652]}",2000,NSW,Rectangular,West,0.5,15,134.23,Concrete,0.26,21,0,1,Package AC,Heat Pump,0,0,"Microwave, Washer"
394,"{'type': 'Point', 'coordinates': [151.05939726938507, -33.90262181010761]}",2000,NSW,L-Shape,South,0.6,12,296.98,Concrete,0.4,20,1,1,Package AC,Gas Heating,0,2,"TV, Fridge"
395,"{'type': 'Point', 'coordinates': [151.0581546360397, -33.90655760891665]}",2000,NSW,U-Shape,South,0.33,15,92.48,Concrete,0.25,19,1,0,Split AC,Heat Pump,0,2,"Microwave, Washer"
396,"{'type': 'Point', 'coordinates': [151.06447722195938, -33.90409413019357]}",2000,NSW,Rectangular,South,0.35,15,188.07,Steel,0.2,20,1,1,Split AC,Heat Pump,1,2,"Oven, Dishwasher"
397,"{'type': 'Point', 'coordinates': [151.06727427317927, -33.90597688232046]}",2000,NSW,L-Shape,South,0.46,15,344.65,Concrete,0.38,21,0,1,Split AC,Gas Heating,1,0,"Microwave, Washer"
398,"{'type': 'Point', 'coordinates': [151.05416633360556, -33.9010352291137]}",2000,NSW,U-Shape,East,0.45,10,177.99,Steel,0.28,21,1,1,Split AC,Heat Pump,1,2,"Oven, Dishwasher"
399,"{'type': 'Point', 'coordinates': [151.0544057488517, -33.91248227557477]}",2000,NSW,L-Shape,West,0.46,15,72.14,Steel,0.25,21,1,1,VRF,Gas Heating,1,1,"Oven, Dishwasher"
400,"{'type': 'Point', 'coordinates': [151.05814067358133, -33.89601417886758]}",2000,NSW,L-Shape,East,0.32,12,109.55,Concrete,0.35,21,0,1,VRF,Heat Pump,0,1,"Microwave, Washer"
